millis,stamp,datetime,motion
999, 2272837585, 2165/165/165 165:165:85, Inactive
1999, 2272837585, 2165/165/165 165:165:85, Inactive
2999, 2272837585, 2165/165/165 165:165:85, Inactive
3999, 2272837585, 2165/165/165 165:165:85, Active
4999, 2272837585, 2165/165/165 165:165:85, Inactive
5999, 2272837585, 2165/165/165 165:165:85, Inactive
6999, 2272837585, 2165/165/165 165:165:85, Inactive
7999, 2272837585, 2165/165/165 165:165:85, Inactive
8999, 2272837585, 2165/165/165 165:165:85, Inactive
9999, 2272837585, 2165/165/165 165:165:85, Inactive
10999, 2272837585, 2165/165/165 165:165:85, Active
11999, 2272837585, 2165/165/165 165:165:85, Active
12999, 2272837585, 2165/165/165 165:165:85, Inactive
13999, 2272837585, 2165/165/165 165:165:85, Inactive
14999, 2272837585, 2165/165/165 165:165:85, Active
16000, 2272837585, 2165/165/165 165:165:85, Active
16999, 2272837585, 2165/165/165 165:165:85, Inactive
17999, 2272837585, 2165/165/165 165:165:85, Inactive
18999, 2272837585, 2165/165/165 165:165:85, Inactive
19999, 2272837585, 2165/165/165 165:165:85, Inactive
21000, 2272837585, 2165/165/165 165:165:85, Active
21999, 2272837585, 2165/165/165 165:165:85, Inactive
22999, 2272837585, 2165/165/165 165:165:85, Active
23999, 2272837585, 2165/165/165 165:165:85, Inactive
24999, 2272837585, 2165/165/165 165:165:85, Active
25999, 2272837585, 2165/165/165 165:165:85, Inactive
26998, 2272837585, 2165/165/165 165:165:85, Active
27999, 2272837585, 2165/165/165 165:165:85, Active
28999, 2272837585, 2165/165/165 165:165:85, Inactive
29999, 2272837585, 2165/165/165 165:165:85, Active
30998, 2272837585, 2165/165/165 165:165:85, Inactive
32000, 2272837585, 2165/165/165 165:165:85, Active
32999, 2272837585, 2165/165/165 165:165:85, Active
33999, 2272837585, 2165/165/165 165:165:85, Inactive
34998, 2272837585, 2165/165/165 165:165:85, Inactive
35999, 2272837585, 2165/165/165 165:165:85, Active
36999, 2272837585, 2165/165/165 165:165:85, Inactive
37999, 2272837585, 2165/165/165 165:165:85, Inactive
38999, 2272837585, 2165/165/165 165:165:85, Inactive
39999, 2272837585, 2165/165/165 165:165:85, Active
40999, 2272837585, 2165/165/165 165:165:85, Inactive
41999, 2272837585, 2165/165/165 165:165:85, Inactive
42999, 2272837585, 2165/165/165 165:165:85, Inactive
43999, 2272837585, 2165/165/165 165:165:85, Inactive
44999, 2272837585, 2165/165/165 165:165:85, Inactive
46000, 2272837585, 2165/165/165 165:165:85, Inactive
46999, 2272837585, 2165/165/165 165:165:85, Inactive
48000, 2272837585, 2165/165/165 165:165:85, Inactive
48999, 2272837585, 2165/165/165 165:165:85, Inactive
49999, 2272837585, 2165/165/165 165:165:85, Inactive
50999, 2272837585, 2165/165/165 165:165:85, Inactive
51999, 2272837585, 2165/165/165 165:165:85, Inactive
52999, 2272837585, 2165/165/165 165:165:85, Inactive
53999, 2272837585, 2165/165/165 165:165:85, Inactive
54999, 2272837585, 2165/165/165 165:165:85, Inactive
55999, 2272837585, 2165/165/165 165:165:85, Inactive
56999, 2272837585, 2165/165/165 165:165:85, Active
57999, 2272837585, 2165/165/165 165:165:85, Inactive
58999, 2272837585, 2165/165/165 165:165:85, Inactive
59999, 2272837585, 2165/165/165 165:165:85, Active
60999, 2272837585, 2165/165/165 165:165:85, Active
61999, 2272837585, 2165/165/165 165:165:85, Inactive
62999, 2272837585, 2165/165/165 165:165:85, Inactive
64000, 2272837585, 2165/165/165 165:165:85, Inactive
64999, 2272837585, 2165/165/165 165:165:85, Inactive
65999, 2272837585, 2165/165/165 165:165:85, Active
66999, 2272837585, 2165/165/165 165:165:85, Inactive
67999, 2272837585, 2165/165/165 165:165:85, Inactive
68999, 2272837585, 2165/165/165 165:165:85, Inactive
69999, 2272837585, 2165/165/165 165:165:85, Inactive
70999, 2272837585, 2165/165/165 165:165:85, Active
71999, 2272837585, 2165/165/165 165:165:85, Inactive
72999, 2272837585, 2165/165/165 165:165:85, Inactive
73999, 2272837585, 2165/165/165 165:165:85, Inactive
74999, 2272837585, 2165/165/165 165:165:85, Inactive
75999, 2272837585, 2165/165/165 165:165:85, Inactive
76999, 2272837585, 2165/165/165 165:165:85, Inactive
77999, 2272837585, 2165/165/165 165:165:85, Inactive
78999, 2272837585, 2165/165/165 165:165:85, Inactive
80000, 2272837585, 2165/165/165 165:165:85, Inactive
80999, 2272837585, 2165/165/165 165:165:85, Inactive
81999, 2272837585, 2165/165/165 165:165:85, Active
82999, 2272837585, 2165/165/165 165:165:85, Active
83999, 2272837585, 2165/165/165 165:165:85, Inactive
84999, 2272837585, 2165/165/165 165:165:85, Active
85999, 2272837585, 2165/165/165 165:165:85, Inactive
86999, 2272837585, 2165/165/165 165:165:85, Inactive
87999, 2272837585, 2165/165/165 165:165:85, Inactive
88999, 2272837585, 2165/165/165 165:165:85, Inactive
89999, 2272837585, 2165/165/165 165:165:85, Inactive
90999, 2272837585, 2165/165/165 165:165:85, Inactive
91999, 2272837585, 2165/165/165 165:165:85, Active
92999, 2272837585, 2165/165/165 165:165:85, Inactive
93999, 2272837585, 2165/165/165 165:165:85, Inactive
94999, 2272837585, 2165/165/165 165:165:85, Inactive
96000, 2272837585, 2165/165/165 165:165:85, Active
96999, 2272837585, 2165/165/165 165:165:85, Inactive
97999, 2272837585, 2165/165/165 165:165:85, Active
98999, 2272837585, 2165/165/165 165:165:85, Inactive
99999, 2272837585, 2165/165/165 165:165:85, Inactive
100999, 2272837585, 2165/165/165 165:165:85, Inactive
101999, 2272837585, 2165/165/165 165:165:85, Inactive
102999, 2272837585, 2165/165/165 165:165:85, Inactive
103999, 2272837585, 2165/165/165 165:165:85, Active
104999, 2272837585, 2165/165/165 165:165:85, Inactive
105999, 2272837585, 2165/165/165 165:165:85, Inactive
106999, 2272837585, 2165/165/165 165:165:85, Inactive
107999, 2272837585, 2165/165/165 165:165:85, Inactive
108999, 2272837585, 2165/165/165 165:165:85, Inactive
109999, 2272837585, 2165/165/165 165:165:85, Inactive
110999, 2272837585, 2165/165/165 165:165:85, Inactive
112000, 2272837585, 2165/165/165 165:165:85, Inactive
112999, 2272837585, 2165/165/165 165:165:85, Active
113999, 2272837585, 2165/165/165 165:165:85, Inactive
114999, 2272837585, 2165/165/165 165:165:85, Inactive
115999, 2272837585, 2165/165/165 165:165:85, Active
117000, 2272837585, 2165/165/165 165:165:85, Inactive
117999, 2272837585, 2165/165/165 165:165:85, Inactive
118999, 2272837585, 2165/165/165 165:165:85, Inactive
119999, 2272837585, 2165/165/165 165:165:85, Inactive
120999, 2272837585, 2165/165/165 165:165:85, Inactive
121999, 2272837585, 2165/165/165 165:165:85, Active
122999, 2272837585, 2165/165/165 165:165:85, Active
123999, 2272837585, 2165/165/165 165:165:85, Inactive
124999, 2272837585, 2165/165/165 165:165:85, Inactive
126000, 2272837585, 2165/165/165 165:165:85, Inactive
126999, 2272837585, 2165/165/165 165:165:85, Active
128000, 2272837585, 2165/165/165 165:165:85, Inactive
128999, 2272837585, 2165/165/165 165:165:85, Inactive
129999, 2272837585, 2165/165/165 165:165:85, Active
130999, 2272837585, 2165/165/165 165:165:85, Active
131999, 2272837585, 2165/165/165 165:165:85, Inactive
132999, 2272837585, 2165/165/165 165:165:85, Inactive
133999, 2272837585, 2165/165/165 165:165:85, Active
134999, 2272837585, 2165/165/165 165:165:85, Inactive
135999, 2272837585, 2165/165/165 165:165:85, Active
136999, 2272837585, 2165/165/165 165:165:85, Inactive
137999, 2272837585, 2165/165/165 165:165:85, Inactive
138999, 2272837585, 2165/165/165 165:165:85, Inactive
139999, 2272837585, 2165/165/165 165:165:85, Inactive
